	0	1	2	3	4	5	6	7	accuracy	macro avg	weighted avg
precision	0.809322033898305	0.7319587628865979	0.6061776061776062	0.6212121212121212	0.5151515151515151	0.7764423076923077	0.6336088154269972	0.5963302752293578	0.665625	0.661275429709351	0.6612754297093509
recall	0.955	0.71	0.785	0.615	0.5525	0.8075	0.575	0.325	0.665625	0.6656249999999999	0.665625
f1-score	0.8761467889908257	0.7208121827411167	0.6840958605664489	0.6180904522613064	0.5331724969843185	0.7916666666666666	0.6028833551769331	0.4207119741100324	0.665625	0.6559474721872061	0.655947472187206
support	400.0	400.0	400.0	400.0	400.0	400.0	400.0	400.0	0.665625	3200.0	3200.0
MCC	0.619757301647899
